id,target
c0f722661,-1.0363578278800005
f0953f0a5,-0.36506080709000005
0df072751,-0.2893951014599998
04caf4e0c,-1.6368362088980062
0e63f8bea,-1.4356919991395072
12537fe78,-0.8516199576983463
965e592c0,-0.9997867400799998
